{"sections":{"cart-items":{"type":"main-cart-items","settings":{"color_scheme":"scheme-1","padding_top":36,"padding_bottom":36}},"featured_collection_UNiFpJ":{"type":"featured-collection","settings":{"title":"Top Seller","heading_size":"h1","description":"","show_description":true,"description_style":"body","collection":"frontpage","products_to_show":4,"columns_desktop":4,"full_width":true,"show_view_all":true,"view_all_style":"link","enable_desktop_slider":true,"color_scheme":"","image_ratio":"adapt","image_shape":"default","show_secondary_image":false,"show_vendor":false,"show_rating":true,"quick_add":"none","columns_mobile":"2","swipe_on_mobile":true,"padding_top":20,"padding_bottom":0}},"cart-footer":{"type":"main-cart-footer","blocks":{"subtotal":{"type":"subtotal","settings":{}},"buttons":{"type":"buttons","settings":{}}},"block_order":["subtotal","buttons"],"settings":{"color_scheme":"scheme-1","padding_top":20,"padding_bottom":40}},"multicolumn_3fP8CP":{"type":"multicolumn","blocks":{"column_HHx4Dc":{"type":"column","settings":{"image":"shopify:\/\/shop_images\/delivery.png","title":"<strong>Free Shipping<\/strong>","text":"<h1><strong>Acquire your product of high <\/strong><a href=\"\/collections\" target=\"_blank\" title=\"All collections\"><strong>quality.<\/strong><\/a><\/h1>","link_label":"","link":"{{ shop.brand.favicon_url }}"}},"column_LUUWtW":{"type":"column","settings":{"image":"shopify:\/\/shop_images\/refund.png","title":"<em><strong>Return or <\/strong><\/em><a href=\"\/policies\/refund-policy\" title=\"Refund Policy\"><em><strong>Refunded<\/strong><\/em><\/a>","text":"<p><strong>The product can be returned within 7 days of receipt. A refund can be requested.<\/strong><\/p>","link_label":"","link":"{{ shop.brand.favicon_url }}"}},"column_QCNAPp":{"type":"column","settings":{"image":"shopify:\/\/shop_images\/customer-service.png","title":"<em><strong>Service Help<\/strong><\/em>","text":"<h5>24\/7 customer support that is respectful and helpful \"Your satisfaction is our top priority. Our team of experts is here around the clock to assist you with any inquiries or concerns.<\/h5>","link_label":"","link":""}}},"block_order":["column_HHx4Dc","column_LUUWtW","column_QCNAPp"],"settings":{"title":"","heading_size":"h2","image_width":"third","image_ratio":"adapt","columns_desktop":3,"column_alignment":"center","background_style":"none","button_label":"","button_link":"{{ shop.brand.favicon_url }}","color_scheme":"","columns_mobile":"1","swipe_on_mobile":true,"padding_top":36,"padding_bottom":36}}},"order":["cart-items","featured_collection_UNiFpJ","cart-footer","multicolumn_3fP8CP"]}