{"sections":{"image_banner_aQP4pN":{"type":"image-banner","blocks":{"heading_Jbkimn":{"type":"heading","settings":{"heading":"","heading_size":"h1"}},"text_gGhYhD":{"type":"text","settings":{"text":"","text_style":"body"}},"buttons_9iFHbg":{"type":"buttons","settings":{"button_label_1":"","button_link_1":"","button_style_secondary_1":false,"button_label_2":"","button_link_2":"","button_style_secondary_2":false}}},"block_order":["heading_Jbkimn","text_gGhYhD","buttons_9iFHbg"],"settings":{"image":"shopify:\/\/shop_images\/Black-Friday_web_banner_17.jpg","image_overlay_opacity":0,"image_height":"adapt","desktop_content_position":"middle-center","show_text_box":false,"desktop_content_alignment":"center","color_scheme":"","image_behavior":"none","mobile_content_alignment":"center","stack_images_on_mobile":true,"show_text_below":false}},"featured_collection_WxwkPc":{"type":"featured-collection","settings":{"title":"<strong>Smart Watch<\/strong>","heading_size":"h1","description":"","show_description":true,"description_style":"subtitle","collection":"frontpage","products_to_show":4,"columns_desktop":4,"full_width":true,"show_view_all":true,"view_all_style":"solid","enable_desktop_slider":true,"color_scheme":"","image_ratio":"adapt","image_shape":"blob","show_secondary_image":true,"show_vendor":true,"show_rating":true,"quick_add":"none","columns_mobile":"2","swipe_on_mobile":true,"padding_top":0,"padding_bottom":0}},"featured_collection_thdHCQ":{"type":"featured-collection","settings":{"title":"Cooling Fan","heading_size":"h1","description":"","show_description":false,"description_style":"subtitle","collection":"all-product","products_to_show":4,"columns_desktop":4,"full_width":false,"show_view_all":true,"view_all_style":"solid","enable_desktop_slider":true,"color_scheme":"","image_ratio":"adapt","image_shape":"default","show_secondary_image":false,"show_vendor":false,"show_rating":false,"quick_add":"none","columns_mobile":"2","swipe_on_mobile":false,"padding_top":36,"padding_bottom":36}},"featured_product_P6b3CK":{"type":"featured-product","blocks":{"text_iaNfaB":{"type":"text","settings":{"text":"{{ section.settings.product.vendor }}","text_style":"uppercase"}},"title_iVYnbX":{"type":"title","settings":{"heading_size":"h2"}},"price_6g6Lbi":{"type":"price","settings":{}},"buy_buttons_A9zg6K":{"type":"buy_buttons","settings":{"show_dynamic_checkout":true,"show_gift_card_recipient":true}},"share_ritRqK":{"type":"share","settings":{"share_label":"Share"}}},"block_order":["text_iaNfaB","title_iVYnbX","price_6g6Lbi","buy_buttons_A9zg6K","share_ritRqK"],"settings":{"product":"4-in-1-wireless-bluetooth-speaker-charging-pad-bedside-lamp-with-alarm-clock-wake-up-light-for-bedroom-support-usb-drive-tf-card","color_scheme":"","secondary_background":false,"media_size":"medium","constrain_to_viewport":true,"media_fit":"contain","media_position":"left","image_zoom":"lightbox","hide_variants":true,"enable_video_looping":true,"padding_top":0,"padding_bottom":0}},"banner":{"type":"main-collection-banner","settings":{"show_collection_description":true,"show_collection_image":false,"color_scheme":"scheme-1"}},"product-grid":{"type":"main-collection-product-grid","settings":{"products_per_page":16,"columns_desktop":4,"color_scheme":"scheme-1","image_ratio":"adapt","image_shape":"blob","show_secondary_image":true,"show_vendor":true,"show_rating":true,"quick_add":"standard","enable_filtering":true,"filter_type":"drawer","enable_sorting":true,"columns_mobile":"2","padding_top":0,"padding_bottom":0}},"rich_text_aA8YDY":{"type":"rich-text","blocks":{"heading_WFdhHU":{"type":"heading","settings":{"heading":"","heading_size":"h2"}},"button_NapeP3":{"type":"button","settings":{"button_label":"","button_link":"","button_style_secondary":false,"button_label_2":"","button_link_2":"","button_style_secondary_2":false}}},"block_order":["heading_WFdhHU","button_NapeP3"],"settings":{"desktop_content_position":"center","content_alignment":"center","color_scheme":"","full_width":true,"padding_top":0,"padding_bottom":0}},"custom_liquid_DgUKnJ":{"type":"custom-liquid","settings":{"custom_liquid":"<div id='collection-component-1723069171391'><\/div>\n<script type=\"text\/javascript\">\n\/*<![CDATA[*\/\n(function () {\n  var scriptURL = 'https:\/\/sdks.shopifycdn.com\/buy-button\/latest\/buy-button-storefront.min.js';\n  if (window.ShopifyBuy) {\n    if (window.ShopifyBuy.UI) {\n      ShopifyBuyInit();\n    } else {\n      loadScript();\n    }\n  } else {\n    loadScript();\n  }\n  function loadScript() {\n    var script = document.createElement('script');\n    script.async = true;\n    script.src = scriptURL;\n    (document.getElementsByTagName('head')[0] || document.getElementsByTagName('body')[0]).appendChild(script);\n    script.onload = ShopifyBuyInit;\n  }\n  function ShopifyBuyInit() {\n    var client = ShopifyBuy.buildClient({\n      domain: 'e13775-7d.myshopify.com',\n      storefrontAccessToken: 'c9c8bf2eb4ec66b5c270d2201625c860',\n    });\n    ShopifyBuy.UI.onReady(client).then(function (ui) {\n      ui.createComponent('collection', {\n        id: '304923607212',\n        node: document.getElementById('collection-component-1723069171391'),\n        moneyFormat: '%24%7B%7Bamount%7D%7D',\n        options: {\n  \"product\": {\n    \"styles\": {\n      \"product\": {\n        \"@media (min-width: 601px)\": {\n          \"max-width\": \"calc(25% - 20px)\",\n          \"margin-left\": \"20px\",\n          \"margin-bottom\": \"50px\",\n          \"width\": \"calc(25% - 20px)\"\n        },\n        \"img\": {\n          \"height\": \"calc(100% - 15px)\",\n          \"position\": \"absolute\",\n          \"left\": \"0\",\n          \"right\": \"0\",\n          \"top\": \"0\"\n        },\n        \"imgWrapper\": {\n          \"padding-top\": \"calc(75% + 15px)\",\n          \"position\": \"relative\",\n          \"height\": \"0\"\n        }\n      }\n    },\n    \"text\": {\n      \"button\": \"Add to cart\"\n    }\n  },\n  \"productSet\": {\n    \"styles\": {\n      \"products\": {\n        \"@media (min-width: 601px)\": {\n          \"margin-left\": \"-20px\"\n        }\n      }\n    }\n  },\n  \"modalProduct\": {\n    \"contents\": {\n      \"img\": false,\n      \"imgWithCarousel\": true,\n      \"button\": false,\n      \"buttonWithQuantity\": true\n    },\n    \"styles\": {\n      \"product\": {\n        \"@media (min-width: 601px)\": {\n          \"max-width\": \"100%\",\n          \"margin-left\": \"0px\",\n          \"margin-bottom\": \"0px\"\n        }\n      }\n    },\n    \"text\": {\n      \"button\": \"Add to cart\"\n    }\n  },\n  \"option\": {},\n  \"cart\": {\n    \"text\": {\n      \"total\": \"Subtotal\",\n      \"button\": \"Checkout\"\n    }\n  },\n  \"toggle\": {}\n},\n      });\n    });\n  }\n})();\n\/*]]>*\/\n<\/script>","color_scheme":"","padding_top":40,"padding_bottom":52}}},"order":["image_banner_aQP4pN","featured_collection_WxwkPc","featured_collection_thdHCQ","featured_product_P6b3CK","banner","product-grid","rich_text_aA8YDY","custom_liquid_DgUKnJ"]}