{"sections":{"image_banner":{"type":"image-banner","blocks":{"heading":{"type":"heading","settings":{"heading":"","heading_size":"h0"}},"button":{"type":"buttons","settings":{"button_label_1":"","button_link_1":"shopify:\/\/collections\/all","button_style_secondary_1":false,"button_label_2":"","button_link_2":"","button_style_secondary_2":false}}},"block_order":["heading","button"],"settings":{"image":"shopify:\/\/shop_images\/Black-Friday_web_banner_05_copy.png","image_overlay_opacity":0,"image_height":"adapt","desktop_content_position":"middle-center","show_text_box":false,"desktop_content_alignment":"center","color_scheme":"scheme-3","image_behavior":"none","mobile_content_alignment":"center","stack_images_on_mobile":true,"show_text_below":false}},"featured_collection":{"type":"featured-collection","settings":{"title":"<em><strong>Highly Recommended Products<\/strong><\/em>","heading_size":"h2","description":"","show_description":false,"description_style":"subtitle","collection":"frontpage","products_to_show":5,"columns_desktop":4,"full_width":true,"show_view_all":true,"view_all_style":"outline","enable_desktop_slider":true,"color_scheme":"scheme-1","image_ratio":"adapt","image_shape":"blob","show_secondary_image":true,"show_vendor":true,"show_rating":true,"quick_add":"standard","columns_mobile":"2","swipe_on_mobile":true,"padding_top":72,"padding_bottom":28}},"featured_product_etBh7P":{"type":"featured-product","blocks":{"text_ceFwr8":{"type":"text","settings":{"text":"{{ section.settings.product.vendor }}","text_style":"uppercase"}},"title_dYGyWG":{"type":"title","settings":{"heading_size":"h2"}},"price_pdxNmb":{"type":"price","settings":{}},"buy_buttons_DYfhMP":{"type":"buy_buttons","settings":{"show_dynamic_checkout":false,"show_gift_card_recipient":false}},"share_CmiNAG":{"type":"share","settings":{"share_label":"Share"}},"custom_liquid_4TPLGc":{"type":"custom_liquid","settings":{"custom_liquid":"<meta name=\"p:domain_verify\" content=\"f6f83f904477a4f23c5713b3085a5cac\"\/>"}}},"block_order":["text_ceFwr8","title_dYGyWG","price_pdxNmb","buy_buttons_DYfhMP","share_CmiNAG","custom_liquid_4TPLGc"],"settings":{"product":"4-in-1-wireless-bluetooth-speaker-charging-pad-bedside-lamp-with-alarm-clock-wake-up-light-for-bedroom-support-usb-drive-tf-card","color_scheme":"","secondary_background":true,"media_size":"small","constrain_to_viewport":true,"media_fit":"contain","media_position":"left","image_zoom":"lightbox","hide_variants":true,"enable_video_looping":true,"padding_top":0,"padding_bottom":0}},"image_banner_nWeqLz":{"type":"image-banner","blocks":{"heading_43QBw7":{"type":"heading","settings":{"heading":"","heading_size":"h1"}},"text_Hgdi9b":{"type":"text","settings":{"text":"","text_style":"body"}},"buttons_D9zBde":{"type":"buttons","settings":{"button_label_1":"","button_link_1":"","button_style_secondary_1":false,"button_label_2":"","button_link_2":"","button_style_secondary_2":false}}},"block_order":["heading_43QBw7","text_Hgdi9b","buttons_D9zBde"],"settings":{"image":"shopify:\/\/shop_images\/Black-Friday_web_banner_17_copy.png","image_overlay_opacity":0,"image_height":"adapt","desktop_content_position":"middle-center","show_text_box":false,"desktop_content_alignment":"center","color_scheme":"","image_behavior":"none","mobile_content_alignment":"center","stack_images_on_mobile":true,"show_text_below":true}},"featured_collection_yLDH9b":{"type":"featured-collection","settings":{"title":"Cooling Fan","heading_size":"h2","description":"<h1>Certainly! Could you please provide more details about the cooling fan you want to describe? Information like its brand, model, features, size, and any unique selling points will help create a comprehensive description.<a href=\"\/collections\" title=\"All collections\">\/collections<\/a><\/h1>","show_description":true,"description_style":"subtitle","collection":"all-product","products_to_show":7,"columns_desktop":4,"full_width":true,"show_view_all":true,"view_all_style":"outline","enable_desktop_slider":true,"color_scheme":"","image_ratio":"adapt","image_shape":"blob","show_secondary_image":true,"show_vendor":true,"show_rating":true,"quick_add":"standard","columns_mobile":"2","swipe_on_mobile":true,"padding_top":0,"padding_bottom":0}},"collapsible_content_tVPXE9":{"type":"collapsible-content","blocks":{"collapsible_row_BxqQTb":{"type":"collapsible_row","settings":{"heading":"Countact Information","icon":"chat_bubble","row_content":"","page":"contact"}},"collapsible_row_8hNtxd":{"type":"collapsible_row","settings":{"heading":"Track Order","icon":"lightning_bolt","row_content":"","page":"order-tracking"}},"collapsible_row_XTtkd4":{"type":"collapsible_row","settings":{"heading":"Return","icon":"return","row_content":"","page":"contact"}},"collapsible_row_N48Vjx":{"type":"collapsible_row","settings":{"heading":"All Product","icon":"star","row_content":"","page":"all-product"}}},"block_order":["collapsible_row_BxqQTb","collapsible_row_8hNtxd","collapsible_row_XTtkd4","collapsible_row_N48Vjx"],"settings":{"caption":"","heading":"","heading_size":"h1","heading_alignment":"center","layout":"row","color_scheme":"","container_color_scheme":"","open_first_collapsible_row":false,"image_ratio":"small","desktop_layout":"image_second","padding_top":0,"padding_bottom":4}},"multicolumn_zcV4pN":{"type":"multicolumn","blocks":{"column_iKeBgm":{"type":"column","settings":{"image":"shopify:\/\/shop_images\/delivery.png","title":"<strong>Shipping<\/strong>","text":"<h2><strong>Acquire your product of high quality.<\/strong><\/h2>","link_label":"","link":""}},"column_4Vc9Kf":{"type":"column","settings":{"image":"shopify:\/\/shop_images\/refund.png","title":"<em><strong>Return or Refunded<\/strong><\/em>","text":"<h3><strong>The product can be returned within 7 days of receipt. A refund can be requested.<\/strong><\/h3>","link_label":"","link":""}},"column_VMTyAn":{"type":"column","settings":{"image":"shopify:\/\/shop_images\/customer-service.png","title":"<em><strong>Service Help<\/strong><\/em>","text":"<h5>24\/7 customer support that is respectful and helpful \"Your satisfaction is our top priority. Our team of experts is here around the clock to assist you with any inquiries or concerns.<\/h5>","link_label":"","link":"{{ shop.brand.favicon_url }}"}}},"block_order":["column_iKeBgm","column_4Vc9Kf","column_VMTyAn"],"settings":{"title":"","heading_size":"h2","image_width":"half","image_ratio":"adapt","columns_desktop":3,"column_alignment":"center","background_style":"none","button_label":"","button_link":"{{ shop.brand.favicon_url }}","color_scheme":"","columns_mobile":"1","swipe_on_mobile":true,"padding_top":0,"padding_bottom":0}},"custom_liquid_k3XF7a":{"type":"custom-liquid","custom_css":["h1 {font-size: 1px;}"],"settings":{"custom_liquid":"","color_scheme":"","padding_top":28,"padding_bottom":28}},"multicolumn_e4WNf9":{"type":"multicolumn","blocks":{"column_Uggx4G":{"type":"column","settings":{"title":"","text":"<p>Welcome to Best Deal Discount! We offer top-quality electronics and home goods at unbeatable prices. Our selection includes the latest gadgets and essential home accessories, all designed to enhance your lifestyle affordably.<\/p><p><\/p>","link_label":"","link":""}},"column_qcfA9Q":{"type":"column","settings":{"title":"","text":"<h5>Customer satisfaction is our priority. Enjoy fast shipping, excellent service, and a wide range of products that fit your needs. Explore our website to find great deals and experience the Best Deal Discount difference today!<\/h5>","link_label":"","link":""}}},"block_order":["column_Uggx4G","column_qcfA9Q"],"settings":{"title":"","heading_size":"h1","image_width":"full","image_ratio":"adapt","columns_desktop":1,"column_alignment":"left","background_style":"primary","button_label":"","button_link":"","color_scheme":"","columns_mobile":"1","swipe_on_mobile":true,"padding_top":0,"padding_bottom":0}}},"order":["image_banner","featured_collection","featured_product_etBh7P","image_banner_nWeqLz","featured_collection_yLDH9b","collapsible_content_tVPXE9","multicolumn_zcV4pN","custom_liquid_k3XF7a","multicolumn_e4WNf9"]}