{"sections":{"custom_liquid_iX8GGH":{"type":"custom-liquid","custom_css":["h2 {font-size: 10px;}"],"settings":{"custom_liquid":"<!DOCTYPE html>\n<html lang=\"en\">\n<head>\n<meta charset=\"UTF-8\">\n<meta name=\"viewport\" content=\"width=device-width, initial-scale=1.0\">\n<style>\n  .faq-container {\n    max-width: 800px;\n    margin: 0 auto;\n    padding: 10px;\n  }\n  .faq-header {\n    font-size: 24px;\n    text-align: center;\n    margin-bottom: 20px;\n  }\n  .faq-item {\n    border-bottom: 1px solid #ccc;\n    padding: 10px 0;\n  }\n  .faq-question {\n    font-weight: bold;\n    cursor: pointer;\n  }\n  .faq-answer {\n    display: none;\n    margin-top: 10px;\n  }\n\n  \/* Mobile Styles *\/\n  @media (max-width: 600px) {\n    .faq-header {\n      font-size: 20px;\n    }\n    .faq-question {\n      font-size: 16px;\n    }\n    .faq-answer {\n      font-size: 14px;\n    }\n  }\n<\/style>\n<\/head>\n<body>\n\n<div class=\"faq-container\">\n  <div class=\"faq-header\">Frequently Asked Questions<\/div>\n  <div class=\"faq-item\">\n    <div class=\"faq-question\">If I change my mind, can I get a refund?<\/div>\n    <div class=\"faq-answer\">Yes, you can get a refund within 30 days of purchase.<\/div>\n  <\/div>\n  <div class=\"faq-item\">\n    <div class=\"faq-question\">Can I cancel my subscription at any time?<\/div>\n    <div class=\"faq-answer\">Yes, you can cancel your subscription at any time from your account settings.<\/div>\n  <\/div>\n  <div class=\"faq-item\">\n    <div class=\"faq-question\">Do you offer any discounts?<\/div>\n    <div class=\"faq-answer\">Yes, we offer discounts during promotional periods. Please subscribe to our newsletter for updates.<\/div>\n  <\/div>\n  <div class=\"faq-item\">\n    <div class=\"faq-question\">Can you help me with the widget installation on my site?<\/div>\n    <div class=\"faq-answer\">Yes, our support team can assist you with the installation process. Please contact support.<\/div>\n  <\/div>\n  <div class=\"faq-item\">\n    <div class=\"faq-question\">Is it more advantageous to subscribe to a monthly or annual plan?<\/div>\n    <div class=\"faq-answer\">Annual plans are more cost-effective compared to monthly plans.<\/div>\n  <\/div>\n  <div class=\"faq-item\">\n    <div class=\"faq-question\">What's the advantage of the All Apps Pack subscription?<\/div>\n    <div class=\"faq-answer\">The All Apps Pack subscription gives you access to all our apps at a discounted rate.<\/div>\n  <\/div>\n  <div class=\"faq-item\">\n    <div class=\"faq-question\">How many views do I need?<\/div>\n    <div class=\"faq-answer\">The number of views you need depends on your website's traffic and your usage needs.<\/div>\n  <\/div>\n  <div class=\"faq-item\">\n    <div class=\"faq-question\">I'm interested in the Enterprise plan, but I have a couple of questions<\/div>\n    <div class=\"faq-answer\">Please contact our sales team for more information on the Enterprise plan.<\/div>\n  <\/div>\n  <div class=\"faq-item\">\n    <div class=\"faq-question\">Do you offer support?<\/div>\n    <div class=\"faq-answer\">Yes, we offer 24\/7 support through email and live chat.<\/div>\n  <\/div>\n  <div class=\"faq-item\">\n    <div class=\"faq-question\">How to remove Elfsight branding from the widget?<\/div>\n    <div class=\"faq-answer\">You can remove Elfsight branding by upgrading to the Pro plan.<\/div>\n  <\/div>\n<\/div>\n\n<script>\n  document.querySelectorAll('.faq-question').forEach(item => {\n    item.addEventListener('click', () => {\n      const answer = item.nextElementSibling;\n      answer.style.display = answer.style.display === 'none' ? 'block' : 'none';\n    });\n  });\n<\/script>\n\n<\/body>\n<\/html>","color_scheme":"scheme-1","padding_top":40,"padding_bottom":52}},"main":{"type":"main-page","settings":{"padding_top":36,"padding_bottom":36}},"form":{"type":"contact-form","settings":{"heading":"","heading_size":"h1","color_scheme":"scheme-1","padding_top":36,"padding_bottom":36}},"multicolumn_GneXJL":{"type":"multicolumn","blocks":{"column_6MrGFw":{"type":"column","settings":{"image":"shopify:\/\/shop_images\/customer-service.png","title":"Contact information","text":"<p><\/p><p><em><strong>Trade name: Best Deal Discount<\/strong><\/em><\/p><p><\/p><p><em><strong>Phone number: 306-658-3222<\/strong><\/em><\/p><p><\/p><p><em><strong>Email: thebestdealdiscount@gmail.com<\/strong><\/em><\/p><p><\/p><p><em><strong>Physical address: 303-319 8th Ave W, Post Box 1035, Biggar, Saskatchewan <\/strong><\/em><\/p>","link_label":"","link":"{{ page.url }}"}}},"block_order":["column_6MrGFw"],"custom_css":["h3{font-size: 0.1px;}"],"settings":{"title":"","heading_size":"h2","image_width":"third","image_ratio":"adapt","columns_desktop":1,"column_alignment":"left","background_style":"primary","button_label":"","button_link":"{{ page.url }}","color_scheme":"","columns_mobile":"1","swipe_on_mobile":true,"padding_top":0,"padding_bottom":0}}},"order":["custom_liquid_iX8GGH","main","form","multicolumn_GneXJL"]}