{"name":"t:sections.footer.name","type":"footer","sections":{"1723391028f16d67bb":{"type":"apps","blocks":{"judge_me_reviews_verified_badge_hY7xaF":{"type":"shopify:\/\/apps\/judge-me-reviews\/blocks\/verified_badge\/61ccd3b1-a9f2-4160-9fe9-4fec8413e5d8","settings":{}}},"block_order":["judge_me_reviews_verified_badge_hY7xaF"],"settings":{"include_margins":true}},"1723391042884a4eaf":{"type":"apps","blocks":{"judge_me_reviews_all_reviews_text_xCRmmH":{"type":"shopify:\/\/apps\/judge-me-reviews\/blocks\/all_reviews_text\/61ccd3b1-a9f2-4160-9fe9-4fec8413e5d8","disabled":true,"settings":{}}},"block_order":["judge_me_reviews_all_reviews_text_xCRmmH"],"settings":{"include_margins":true}},"footer":{"type":"footer","blocks":{"image_AdRFC9":{"type":"image","settings":{"image":"shopify:\/\/shop_images\/00.png","image_width":95,"alignment":"center"}}},"block_order":["image_AdRFC9"],"settings":{"color_scheme":"scheme-4","newsletter_enable":true,"newsletter_heading":"Sign up for our newsletter and receive 10% off your","enable_follow_on_shop":true,"show_social":true,"enable_country_selector":true,"enable_language_selector":true,"payment_enable":true,"show_policy":true,"margin_top":20,"padding_top":20,"padding_bottom":0}},"newsletter_tbRCMg":{"type":"newsletter","settings":{"color_scheme":"","full_width":true,"padding_top":40,"padding_bottom":52}}},"order":["1723391028f16d67bb","1723391042884a4eaf","footer","newsletter_tbRCMg"]}