{"name":"t:sections.header.name","type":"header","sections":{"announcement-bar":{"type":"announcement-bar","blocks":{"announcement_zF6r9N":{"type":"announcement","settings":{"text":"Welcome to our store","link":""}},"announcement_F3tcF9":{"type":"announcement","settings":{"text":"Thank You For Visiting","link":""}},"announcement_pBrq3N":{"type":"announcement","settings":{"text":"Welcome to our store Enjoy free shipping on all orders for a limited time!","link":"{{ shop.brand.favicon_url }}"}}},"block_order":["announcement_zF6r9N","announcement_F3tcF9","announcement_pBrq3N"],"custom_css":["h2 {font-size: 1px;}"],"settings":{"color_scheme":"scheme-4","show_line_separator":true,"show_social":false,"auto_rotate":true,"change_slides_speed":3,"enable_country_selector":false,"enable_language_selector":false}},"header":{"type":"header","settings":{"logo_position":"top-center","menu":"main-menu","menu_type_desktop":"mega","sticky_header_type":"on-scroll-up","show_line_separator":true,"color_scheme":"scheme-1","menu_color_scheme":"scheme-3","enable_country_selector":true,"enable_language_selector":true,"enable_customer_avatar":true,"mobile_logo_position":"center","margin_bottom":0,"padding_top":0,"padding_bottom":0}},"1722301808b63dd106":{"type":"apps","settings":{"include_margins":true}},"custom_liquid_G3tN4W":{"type":"custom-liquid","disabled":true,"settings":{"custom_liquid":"<div id='collection-component-1723069171391'><\/div>\n<script type=\"text\/javascript\">\n\/*<![CDATA[*\/\n(function () {\n  var scriptURL = 'https:\/\/sdks.shopifycdn.com\/buy-button\/latest\/buy-button-storefront.min.js';\n  if (window.ShopifyBuy) {\n    if (window.ShopifyBuy.UI) {\n      ShopifyBuyInit();\n    } else {\n      loadScript();\n    }\n  } else {\n    loadScript();\n  }\n  function loadScript() {\n    var script = document.createElement('script');\n    script.async = true;\n    script.src = scriptURL;\n    (document.getElementsByTagName('head')[0] || document.getElementsByTagName('body')[0]).appendChild(script);\n    script.onload = ShopifyBuyInit;\n  }\n  function ShopifyBuyInit() {\n    var client = ShopifyBuy.buildClient({\n      domain: 'e13775-7d.myshopify.com',\n      storefrontAccessToken: 'c9c8bf2eb4ec66b5c270d2201625c860',\n    });\n    ShopifyBuy.UI.onReady(client).then(function (ui) {\n      ui.createComponent('collection', {\n        id: '304923607212',\n        node: document.getElementById('collection-component-1723069171391'),\n        moneyFormat: '%24%7B%7Bamount%7D%7D',\n        options: {\n  \"product\": {\n    \"styles\": {\n      \"product\": {\n        \"@media (min-width: 601px)\": {\n          \"max-width\": \"calc(25% - 20px)\",\n          \"margin-left\": \"20px\",\n          \"margin-bottom\": \"50px\",\n          \"width\": \"calc(25% - 20px)\"\n        },\n        \"img\": {\n          \"height\": \"calc(100% - 15px)\",\n          \"position\": \"absolute\",\n          \"left\": \"0\",\n          \"right\": \"0\",\n          \"top\": \"0\"\n        },\n        \"imgWrapper\": {\n          \"padding-top\": \"calc(75% + 15px)\",\n          \"position\": \"relative\",\n          \"height\": \"0\"\n        }\n      }\n    },\n    \"text\": {\n      \"button\": \"Add to cart\"\n    }\n  },\n  \"productSet\": {\n    \"styles\": {\n      \"products\": {\n        \"@media (min-width: 601px)\": {\n          \"margin-left\": \"-20px\"\n        }\n      }\n    }\n  },\n  \"modalProduct\": {\n    \"contents\": {\n      \"img\": false,\n      \"imgWithCarousel\": true,\n      \"button\": false,\n      \"buttonWithQuantity\": true\n    },\n    \"styles\": {\n      \"product\": {\n        \"@media (min-width: 601px)\": {\n          \"max-width\": \"100%\",\n          \"margin-left\": \"0px\",\n          \"margin-bottom\": \"0px\"\n        }\n      }\n    },\n    \"text\": {\n      \"button\": \"Add to cart\"\n    }\n  },\n  \"option\": {},\n  \"cart\": {\n    \"text\": {\n      \"total\": \"Subtotal\",\n      \"button\": \"Checkout\"\n    }\n  },\n  \"toggle\": {}\n},\n      });\n    });\n  }\n})();\n\/*]]>*\/\n<\/script>","color_scheme":"","padding_top":0,"padding_bottom":0}}},"order":["announcement-bar","header","1722301808b63dd106","custom_liquid_G3tN4W"]}